"train_id","train_number","seq_number","sttn_code","wtt_dprt_time","wtt_arvl_time","ptt_dprt_time","ptt_arvl_time","day_of_run","run_time","intr_dist","cum_dist","zone_code","dvsn_code","loco_change_point","loco_traction_change","block_section_speed","wtt_dprt_time_sec","wtt_arvl_time_sec","ptt_dprt_time_sec","ptt_arvl_time_sec"
829917,"12488",1,"ANVT","08:10","00:00","08:10","00:00","1,1,1,1,1,1,1","0.00","0.00","0.00","NR","DLI",NULL,"",100,29400,0,29400,0
829917,"12488",2,"SBB","08:29","08:29","00:00","00:00","1,1,1,1,1,1,1","780.00","5.91","5.91","NR","DLI",NULL,"N",130,30540,30540,0,0
829917,"12488",3,"GZB","08:41","08:39","08:39","08:37","1,1,1,1,1,1,1","300.00","6.72","12.63","NR","DLI",NULL,"N",130,31260,31140,31140,31020
829917,"12488",4,"CYZ","08:50","08:50","00:00","00:00","1,1,1,1,1,1,1","240.00","3.56","16.19","NR","DLI",NULL,"N",130,31800,31800,0,0
829917,"12488",5,"MIU","08:53","08:53","00:00","00:00","1,1,1,1,1,1,1","195.00","6.55","22.74","NCR","PRYJ",NULL,"N",130,31995,31995,0,0
829917,"12488",6,"DER","08:56","08:56","00:00","00:00","1,1,1,1,1,1,1","195.00","6.75","29.49","NCR","PRYJ",NULL,"N",130,32190,32190,0,0
829917,"12488",7,"BRKY","08:58","08:58","00:00","00:00","1,1,1,1,1,1,1","135.00","4.34","33.83","NCR","PRYJ",NULL,"N",130,32325,32325,0,0
829917,"12488",8,"AJR","09:01","09:01","00:00","00:00","1,1,1,1,1,1,1","150.00","4.89","38.72","NCR","PRYJ",NULL,"N",130,32475,32475,0,0
829917,"12488",9,"DKDE","09:05","09:05","00:00","00:00","1,1,1,1,1,1,1","240.00","8.44","47.16","NCR","PRYJ",NULL,"N",130,32715,32715,0,0
829917,"12488",10,"FPMP","09:07","09:07","00:00","00:00","1,1,1,1,1,1,1","135.00","4.57","51.73","NCR","PRYJ",NULL,"N",130,32850,32850,0,0
829917,"12488",11,"WAIR","09:09","09:09","00:00","00:00","1,1,1,1,1,1,1","105.00","3.89","55.62","NCR","PRYJ",NULL,"N",130,32955,32955,0,0
829917,"12488",12,"CHL","09:11","09:11","00:00","00:00","1,1,1,1,1,1,1","150.00","5.00","60.62","NCR","PRYJ",NULL,"N",130,33105,33105,0,0
829917,"12488",13,"GNRL","09:14","09:14","00:00","00:00","1,1,1,1,1,1,1","135.00","4.37","64.99","NCR","PRYJ",NULL,"N",130,33240,33240,0,0
829917,"12488",14,"SKQ","09:16","09:16","00:00","00:00","1,1,1,1,1,1,1","135.00","4.79","69.78","NCR","PRYJ",NULL,"N",130,33375,33375,0,0
829917,"12488",15,"KRJ","09:19","09:19","00:00","00:00","1,1,1,1,1,1,1","165.00","5.57","75.35","NCR","PRYJ",NULL,"N",130,33540,33540,0,0
829917,"12488",16,"KAMP","09:22","09:22","00:00","00:00","1,1,1,1,1,1,1","180.00","6.06","81.41","NCR","PRYJ",NULL,"N",130,33720,33720,0,0
829917,"12488",17,"DAR","09:24","09:24","00:00","00:00","1,1,1,1,1,1,1","150.00","4.93","86.34","NCR","PRYJ",NULL,"N",130,33870,33870,0,0
829917,"12488",18,"SOM","09:29","09:29","00:00","00:00","1,1,1,1,1,1,1","300.00","10.29","96.63","NCR","PRYJ",NULL,"N",130,34170,34170,0,0
829917,"12488",19,"KLA","09:34","09:34","00:00","00:00","1,1,1,1,1,1,1","285.00","10.14","106.77","NCR","PRYJ",NULL,"N",130,34455,34455,0,0
829917,"12488",20,"MWUE","09:37","09:37","00:00","00:00","1,1,1,1,1,1,1","165.00","5.66","112.43","NCR","PRYJ",NULL,"N",130,34620,34620,0,0
829917,"12488",21,"ALJN","09:47","09:45","09:42","09:40","1,1,1,1,1,1,1","180.00","6.22","118.65","NCR","PRYJ",NULL,"N",130,35220,35100,34920,34800
829917,"12488",22,"DAQ","09:54","09:54","00:00","00:00","1,1,1,1,1,1,1","240.00","7.06","125.71","NCR","PRYJ",NULL,"N",130,35640,35640,0,0
829917,"12488",23,"MXK","09:57","09:57","00:00","00:00","1,1,1,1,1,1,1","195.00","6.89","132.60","NCR","PRYJ",NULL,"N",130,35835,35835,0,0
829917,"12488",24,"SNS","10:00","10:00","00:00","00:00","1,1,1,1,1,1,1","210.00","7.29","139.89","NCR","PRYJ",NULL,"N",130,36045,36045,0,0
829917,"12488",25,"HRS","10:08","10:08","00:00","00:00","1,1,1,1,1,1,1","255.00","8.90","148.79","NCR","PRYJ",NULL,"N",130,36480,36480,0,0
829917,"12488",26,"PORA","10:16","10:16","00:00","00:00","1,1,1,1,1,1,1","300.00","10.55","159.34","NCR","PRYJ",NULL,"N",130,36960,36960,0,0
829917,"12488",27,"JLS","10:20","10:20","00:00","00:00","1,1,1,1,1,1,1","270.00","9.42","168.76","NCR","PRYJ",NULL,"N",130,37230,37230,0,0
829917,"12488",28,"CMR","10:23","10:23","00:00","00:00","1,1,1,1,1,1,1","195.00","6.45","175.21","NCR","PRYJ",NULL,"N",130,37425,37425,0,0
829917,"12488",29,"BRN","10:28","10:28","00:00","00:00","1,1,1,1,1,1,1","195.00","6.73","181.94","NCR","PRYJ",NULL,"N",130,37680,37680,0,0
829917,"12488",30,"MTI","10:32","10:32","00:00","00:00","1,1,1,1,1,1,1","240.00","8.10","190.04","NCR","PRYJ",NULL,"N",130,37920,37920,0,0
829917,"12488",31,"WSC","10:37","10:37","00:00","00:00","1,1,1,1,1,1,1","120.00","3.30","193.34","NCR","PRYJ",NULL,"N",130,38220,38220,0,0
829917,"12488",32,"TDL","11:07","11:05","10:52","10:50","1,1,1,1,1,1,1","300.00","3.31","196.65","NCR","PRYJ",NULL,"N",130,40020,39900,39120,39000
829917,"12488",33,"HNG","11:18","11:18","00:00","00:00","1,1,1,1,1,1,1","420.00","8.76","205.41","NCR","PRYJ",NULL,"N",130,40680,40680,0,0
829917,"12488",34,"FZD","11:26","11:26","00:00","00:00","1,1,1,1,1,1,1","225.00","7.73","213.14","NCR","PRYJ",NULL,"N",130,41160,41160,0,0
829917,"12488",35,"MNR","11:32","11:32","00:00","00:00","1,1,1,1,1,1,1","300.00","10.25","223.39","NCR","PRYJ",NULL,"N",130,41520,41520,0,0
829917,"12488",36,"SKB","11:36","11:36","00:00","00:00","1,1,1,1,1,1,1","285.00","9.75","233.14","NCR","PRYJ",NULL,"N",130,41805,41805,0,0
829917,"12488",37,"KAA","11:42","11:42","00:00","00:00","1,1,1,1,1,1,1","315.00","10.89","244.03","NCR","PRYJ",NULL,"N",130,42120,42120,0,0
829917,"12488",38,"BDN","11:46","11:46","00:00","00:00","1,1,1,1,1,1,1","255.00","9.06","253.09","NCR","PRYJ",NULL,"N",130,42375,42375,0,0
829917,"12488",39,"BBL","11:51","11:51","00:00","00:00","1,1,1,1,1,1,1","315.00","10.74","263.83","NCR","PRYJ",NULL,"N",130,42690,42690,0,0
829917,"12488",40,"JGR","11:59","11:59","00:00","00:00","1,1,1,1,1,1,1","240.00","8.53","272.36","NCR","PRYJ",NULL,"N",130,43140,43140,0,0
829917,"12488",41,"SB","12:04","12:04","00:00","00:00","1,1,1,1,1,1,1","225.00","7.84","280.20","NCR","PRYJ",NULL,"N",130,43440,43440,0,0
829917,"12488",42,"ETW","12:16","12:16","00:00","00:00","1,1,1,1,1,1,1","240.00","8.31","288.51","NCR","PRYJ",NULL,"N",130,44160,44160,0,0
829917,"12488",43,"EKL","12:24","12:24","00:00","00:00","1,1,1,1,1,1,1","315.00","9.96","298.47","NCR","PRYJ",NULL,"N",130,44640,44640,0,0
829917,"12488",44,"BNT","12:31","12:31","00:00","00:00","1,1,1,1,1,1,1","285.00","9.90","308.37","NCR","PRYJ",NULL,"N",130,45060,45060,0,0
829917,"12488",45,"SHW","12:36","12:36","00:00","00:00","1,1,1,1,1,1,1","300.00","10.47","318.84","NCR","PRYJ",NULL,"N",130,45360,45360,0,0
829917,"12488",46,"GHSR","12:37","12:37","00:00","00:00","1,1,1,1,1,1,1","105.00","3.68","322.52","NCR","PRYJ",NULL,"N",130,45465,45465,0,0
829917,"12488",47,"ULD","12:42","12:42","00:00","00:00","1,1,1,1,1,1,1","165.00","5.46","327.98","NCR","PRYJ",NULL,"N",130,45720,45720,0,0
829917,"12488",48,"PATA","12:48","12:48","00:00","00:00","1,1,1,1,1,1,1","240.00","8.29","336.27","NCR","PRYJ",NULL,"N",130,46080,46080,0,0
829917,"12488",49,"PHD","12:56","12:56","00:00","00:00","1,1,1,1,1,1,1","240.00","8.47","344.74","NCR","PRYJ",NULL,"N",130,46560,46560,0,0
829917,"12488",50,"KNS","13:02","13:02","00:00","00:00","1,1,1,1,1,1,1","255.00","8.95","353.69","NCR","PRYJ",NULL,"N",130,46920,46920,0,0
829917,"12488",51,"PJY","13:04","13:04","00:00","00:00","1,1,1,1,1,1,1","150.00","5.18","358.87","NCR","PRYJ",NULL,"N",130,47070,47070,0,0
829917,"12488",52,"JJK","13:08","13:08","00:00","00:00","1,1,1,1,1,1,1","165.00","5.87","364.74","NCR","PRYJ",NULL,"N",130,47280,47280,0,0
829917,"12488",53,"AAP","13:14","13:14","00:00","00:00","1,1,1,1,1,1,1","285.00","10.02","374.76","NCR","PRYJ",NULL,"N",130,47640,47640,0,0
829917,"12488",54,"RURA","13:18","13:18","00:00","00:00","1,1,1,1,1,1,1","255.00","8.81","383.57","NCR","PRYJ",NULL,"N",130,47895,47895,0,0
829917,"12488",55,"PTRA","13:20","13:20","00:00","00:00","1,1,1,1,1,1,1","150.00","3.82","387.39","NCR","PRYJ",NULL,"N",130,48045,48045,0,0
829917,"12488",56,"RMW","13:22","13:22","00:00","00:00","1,1,1,1,1,1,1","75.00","3.82","391.21","NCR","PRYJ",NULL,"N",130,48120,48120,0,0
829917,"12488",57,"MTO","13:24","13:24","00:00","00:00","1,1,1,1,1,1,1","120.00","4.05","395.26","NCR","PRYJ",NULL,"N",130,48240,48240,0,0
829917,"12488",58,"BPU","13:35","13:35","00:00","00:00","1,1,1,1,1,1,1","285.00","9.97","405.23","NCR","PRYJ",NULL,"N",130,48900,48900,0,0
829917,"12488",59,"PNKD","13:50","13:50","00:00","00:00","1,1,1,1,1,1,1","330.00","11.38","416.61","NCR","PRYJ",NULL,"N",130,49800,49800,0,0
829917,"12488",60,"GOY","13:54","13:54","00:00","00:00","1,1,1,1,1,1,1","240.00","7.40","424.01","NCR","PRYJ",NULL,"N",130,50040,50040,0,0
829917,"12488",61,"GMC","14:05","14:05","00:00","00:00","1,1,1,1,1,1,1","120.00","2.45","426.46","NCR","PRYJ",NULL,"N",110,50700,50700,0,0
829917,"12488",62,"CNB","14:30","14:20","14:15","14:10","1,1,1,1,1,1,1","300.00","1.40","427.86","NCR","PRYJ",NULL,"N",130,52200,51600,51300,51000
829917,"12488",63,"CNBI","14:40","14:40","00:00","00:00","1,1,1,1,1,1,1","480.00","3.92","431.78","NCR","PRYJ",NULL,"N",130,52800,52800,0,0
829917,"12488",64,"CHK","14:43","14:43","00:00","00:00","1,1,1,1,1,1,1","225.00","7.69","439.47","NCR","PRYJ",NULL,"N",130,53025,53025,0,0
829917,"12488",65,"RXM","14:45","14:45","00:00","00:00","1,1,1,1,1,1,1","120.00","4.25","443.72","NCR","PRYJ",NULL,"N",130,53145,53145,0,0
829917,"12488",66,"SSL","14:49","14:49","00:00","00:00","1,1,1,1,1,1,1","195.00","6.75","450.47","NCR","PRYJ",NULL,"N",130,53340,53340,0,0
829917,"12488",67,"PMPR","14:52","14:52","00:00","00:00","1,1,1,1,1,1,1","165.00","5.94","456.41","NCR","PRYJ",NULL,"N",130,53520,53520,0,0
829917,"12488",68,"KBN","14:55","14:55","00:00","00:00","1,1,1,1,1,1,1","150.00","5.27","461.68","NCR","PRYJ",NULL,"N",130,53700,53700,0,0
829917,"12488",69,"AUNG","14:58","14:58","00:00","00:00","1,1,1,1,1,1,1","195.00","6.61","468.29","NCR","PRYJ",NULL,"N",130,53895,53895,0,0
829917,"12488",70,"BKO","15:01","15:01","00:00","00:00","1,1,1,1,1,1,1","165.00","5.81","474.10","NCR","PRYJ",NULL,"N",130,54060,54060,0,0
829917,"12488",71,"KSQ","15:04","15:04","00:00","00:00","1,1,1,1,1,1,1","225.00","7.87","481.97","NCR","PRYJ",NULL,"N",130,54285,54285,0,0
829917,"12488",72,"MWH","15:09","15:09","00:00","00:00","1,1,1,1,1,1,1","210.00","7.33","489.30","NCR","PRYJ",NULL,"N",130,54555,54555,0,0
829917,"12488",73,"KKS","15:14","15:14","00:00","00:00","1,1,1,1,1,1,1","255.00","9.08","498.38","NCR","PRYJ",NULL,"N",130,54870,54870,0,0
829917,"12488",74,"FTP","15:19","15:19","00:00","00:00","1,1,1,1,1,1,1","240.00","7.09","505.47","NCR","PRYJ",NULL,"N",130,55170,55170,0,0
829917,"12488",75,"RAMA","15:23","15:23","00:00","00:00","1,1,1,1,1,1,1","180.00","5.88","511.35","NCR","PRYJ",NULL,"N",130,55410,55410,0,0
829917,"12488",76,"FYZ","15:27","15:27","00:00","00:00","1,1,1,1,1,1,1","150.00","5.35","516.70","NCR","PRYJ",NULL,"N",130,55620,55620,0,0
829917,"12488",77,"RUB","15:31","15:31","00:00","00:00","1,1,1,1,1,1,1","255.00","8.92","525.62","NCR","PRYJ",NULL,"N",130,55875,55875,0,0
829917,"12488",78,"SNIE","15:35","15:35","00:00","00:00","1,1,1,1,1,1,1","210.00","7.10","532.72","NCR","PRYJ",NULL,"N",130,56145,56145,0,0
829917,"12488",79,"KGA","15:39","15:39","00:00","00:00","1,1,1,1,1,1,1","210.00","7.26","539.98","NCR","PRYJ",NULL,"N",130,56355,56355,0,0
829917,"12488",80,"KTCE","15:43","15:43","00:00","00:00","1,1,1,1,1,1,1","180.00","7.03","547.01","NCR","PRYJ",NULL,"N",130,56595,56595,0,0
829917,"12488",81,"KUW","15:46","15:46","00:00","00:00","1,1,1,1,1,1,1","180.00","6.02","553.03","NCR","PRYJ",NULL,"N",130,56775,56775,0,0
829917,"12488",82,"ASCE","15:49","15:49","00:00","00:00","1,1,1,1,1,1,1","165.00","5.53","558.56","NCR","PRYJ",NULL,"N",130,56940,56940,0,0
829917,"12488",83,"SRO","15:53","15:53","00:00","00:00","1,1,1,1,1,1,1","195.00","6.72","565.28","NCR","PRYJ",NULL,"N",130,57195,57195,0,0
829917,"12488",84,"SJT","15:58","15:58","00:00","00:00","1,1,1,1,1,1,1","270.00","9.48","574.76","NCR","PRYJ",NULL,"N",130,57525,57525,0,0
829917,"12488",85,"BDNP","16:01","16:01","00:00","00:00","1,1,1,1,1,1,1","135.00","4.55","579.31","NCR","PRYJ",NULL,"N",130,57660,57660,0,0
829917,"12488",86,"BRE","16:03","16:03","00:00","00:00","1,1,1,1,1,1,1","165.00","5.62","584.93","NCR","PRYJ",NULL,"N",130,57825,57825,0,0
829917,"12488",87,"MNJ","16:07","16:07","00:00","00:00","1,1,1,1,1,1,1","225.00","7.93","592.86","NCR","PRYJ",NULL,"N",130,58050,58050,0,0
829917,"12488",88,"SYWN","16:11","16:11","00:00","00:00","1,1,1,1,1,1,1","210.00","7.54","600.40","NCR","PRYJ",NULL,"N",130,58260,58260,0,0
829917,"12488",89,"MRE","16:16","16:16","00:00","00:00","1,1,1,1,1,1,1","120.00","4.28","604.68","NCR","PRYJ",NULL,"N",130,58560,58560,0,0
829917,"12488",90,"BMU","16:24","16:24","00:00","00:00","1,1,1,1,1,1,1","240.00","8.48","613.16","NCR","PRYJ",NULL,"N",130,59085,59085,0,0
829917,"12488",91,"SFG","16:28","16:28","00:00","00:00","1,1,1,1,1,1,1","180.00","5.25","618.41","NCR","PRYJ",NULL,"N",130,59325,59325,0,0
829917,"12488",92,"PRYJ","17:00","16:55","17:00","16:55","1,1,1,1,1,1,1","420.00","3.69","622.10","NCR","PRYJ",NULL,"N",130,61245,60945,61200,60900
829917,"12488",93,"NYN","17:10","17:10","00:00","00:00","1,1,1,1,1,1,1","420.00","7.62","629.72","NCR","PRYJ",NULL,"N",130,61845,61845,0,0
829917,"12488",94,"PCOI","17:11","17:11","00:00","00:00","1,1,1,1,1,1,1","60.00","1.46","631.18","NCR","PRYJ",NULL,"N",130,61905,61905,0,0
829917,"12488",95,"KCN","17:16","17:16","00:00","00:00","1,1,1,1,1,1,1","270.00","9.22","640.40","NCR","PRYJ",NULL,"N",130,62175,62175,0,0
829917,"12488",96,"BEP","17:20","17:20","00:00","00:00","1,1,1,1,1,1,1","255.00","9.11","649.51","NCR","PRYJ",NULL,"N",130,62430,62430,0,0
829917,"12488",97,"MJA","17:25","17:25","00:00","00:00","1,1,1,1,1,1,1","315.00","11.05","660.56","NCR","PRYJ",NULL,"N",130,62745,62745,0,0
829917,"12488",98,"UND","17:29","17:29","00:00","00:00","1,1,1,1,1,1,1","240.00","8.35","668.91","NCR","PRYJ",NULL,"N",130,62985,62985,0,0
829917,"12488",99,"MNF","17:33","17:33","00:00","00:00","1,1,1,1,1,1,1","240.00","8.15","677.06","NCR","PRYJ",NULL,"N",130,63225,63225,0,0
829917,"12488",100,"JIA","17:37","17:37","00:00","00:00","1,1,1,1,1,1,1","240.00","8.31","685.37","NCR","PRYJ",NULL,"N",130,63465,63465,0,0
829917,"12488",101,"GAE","17:41","17:41","00:00","00:00","1,1,1,1,1,1,1","195.00","7.05","692.42","NCR","PRYJ",NULL,"N",130,63660,63660,0,0
829917,"12488",102,"BEO","17:57","17:57","00:00","00:00","1,1,1,1,1,1,1","255.00","8.28","700.70","NCR","PRYJ",NULL,"N",130,64620,64620,0,0
829917,"12488",103,"BDL","18:05","18:05","00:00","00:00","1,1,1,1,1,1,1","120.00","3.92","704.62","NCR","PRYJ",NULL,"N",130,65130,65130,0,0
829917,"12488",104,"MZP","18:22","18:20","18:17","18:15","1,1,1,1,1,1,1","300.00","7.36","711.98","NCR","PRYJ",NULL,"N",130,66150,66030,65820,65700
829917,"12488",105,"JHG","18:30","18:30","00:00","00:00","1,1,1,1,1,1,1","240.00","8.32","720.30","NCR","PRYJ",NULL,"N",130,66630,66630,0,0
829917,"12488",106,"PRE","18:37","18:37","00:00","00:00","1,1,1,1,1,1,1","210.00","7.41","727.71","NCR","PRYJ",NULL,"N",130,67050,67050,0,0
829917,"12488",107,"DAP","18:45","18:45","00:00","00:00","1,1,1,1,1,1,1","240.00","8.13","735.84","NCR","PRYJ",NULL,"N",130,67530,67530,0,0
829917,"12488",108,"CAR","18:53","18:53","00:00","00:00","1,1,1,1,1,1,1","210.00","7.22","743.06","NCR","PRYJ",NULL,"N",130,68010,68010,0,0
829917,"12488",109,"KYT","19:00","19:00","00:00","00:00","1,1,1,1,1,1,1","270.00","9.90","752.96","NCR","PRYJ",NULL,"N",130,68430,68430,0,0
829917,"12488",110,"NPBR","19:05","19:05","00:00","00:00","1,1,1,1,1,1,1","240.00","8.52","761.48","NCR","PRYJ",NULL,"N",130,68730,68730,0,0
829917,"12488",111,"JEP","19:12","19:12","00:00","00:00","1,1,1,1,1,1,1","180.00","5.89","767.37","NCR","PRYJ",NULL,"N",130,69150,69150,0,0
829917,"12488",112,"VHK","19:34","19:34","00:00","00:00","1,1,1,1,1,1,1","120.00","3.13","770.50","NCR","PRYJ",NULL,"N",130,70470,70470,0,0
829917,"12488",113,"NEWC","19:41","19:41","00:00","00:00","1,1,1,1,1,1,1","360.00","3.16","773.66","ECR","DDU",NULL,"N",130,70860,70860,0,0
829917,"12488",114,"DDU","20:00","19:53","19:55","19:48","1,1,1,1,1,1,1","255.00","1.52","775.18","ECR","DDU",NULL,"N",130,72000,71580,71700,71280
829917,"12488",115,"ICBN","20:07","20:07","00:00","00:00","1,1,1,1,1,1,1","300.00","1.00","776.18","ECR","DDU",NULL,"N",130,72420,72420,0,0
829917,"12488",116,"XCBN","20:09","20:09","00:00","00:00","1,1,1,1,1,1,1","120.00","1.50","777.68","ECR","DDU",NULL,"N",130,72540,72540,0,0
829917,"12488",117,"JTHT","20:12","20:12","00:00","00:00","1,1,1,1,1,1,1","180.00","1.00","778.68","ECR","DDU",NULL,"N",130,72720,72720,0,0
829917,"12488",118,"EOCM","20:18","20:18","00:00","00:00","1,1,1,1,1,1,1","120.00","1.50","780.18","ECR","DDU",NULL,"N",130,73080,73080,0,0
829917,"12488",119,"KCA","20:20","20:20","00:00","00:00","1,1,1,1,1,1,1","150.00","2.15","782.33","ECR","DNR",NULL,"N",130,73230,73230,0,0
829917,"12488",120,"SLD","20:23","20:23","00:00","00:00","1,1,1,1,1,1,1","195.00","6.89","789.22","ECR","DNR",NULL,"N",130,73425,73425,0,0
829917,"12488",121,"TLAM","20:26","20:26","00:00","00:00","1,1,1,1,1,1,1","180.00","6.30","795.52","ECR","DNR",NULL,"N",130,73605,73605,0,0
829917,"12488",122,"DHA","20:30","20:30","00:00","00:00","1,1,1,1,1,1,1","210.00","7.30","802.82","ECR","DNR",NULL,"N",130,73815,73815,0,0
829917,"12488",123,"BHCL","20:33","20:33","00:00","00:00","1,1,1,1,1,1,1","210.00","7.46","810.28","ECR","DNR",NULL,"N",130,74025,74025,0,0
829917,"12488",124,"ZNA","20:36","20:36","00:00","00:00","1,1,1,1,1,1,1","135.00","4.96","815.24","ECR","DNR",NULL,"N",130,74160,74160,0,0
829917,"12488",125,"DRV","20:39","20:39","00:00","00:00","1,1,1,1,1,1,1","180.00","6.25","821.49","ECR","DNR",NULL,"N",130,74340,74340,0,0
829917,"12488",126,"DLN","20:47","20:45","20:40","20:38","1,1,1,1,1,1,1","210.00","7.30","828.79","ECR","DNR",NULL,"N",130,74820,74700,74400,74280
829917,"12488",127,"USK","20:51","20:51","00:00","00:00","1,1,1,1,1,1,1","150.00","4.24","833.03","ECR","DNR",NULL,"N",130,75090,75090,0,0
829917,"12488",128,"BWH","20:53","20:53","00:00","00:00","1,1,1,1,1,1,1","105.00","3.81","836.84","ECR","DNR",NULL,"N",130,75195,75195,0,0
829917,"12488",129,"KKRH","20:55","20:55","00:00","00:00","1,1,1,1,1,1,1","120.00","4.32","841.16","ECR","DNR",NULL,"N",130,75315,75315,0,0
829917,"12488",130,"GMR","20:59","20:59","00:00","00:00","1,1,1,1,1,1,1","105.00","3.38","844.54","ECR","DNR",NULL,"N",130,75540,75540,0,0
829917,"12488",131,"BQW","21:01","21:01","00:00","00:00","1,1,1,1,1,1,1","150.00","5.18","849.72","ECR","DNR",NULL,"N",130,75690,75690,0,0
829917,"12488",132,"CSA","21:04","21:04","00:00","00:00","1,1,1,1,1,1,1","150.00","4.38","854.10","ECR","DNR",NULL,"N",130,75840,75840,0,0
829917,"12488",133,"PWXP","21:06","21:06","00:00","00:00","1,1,1,1,1,1,1","135.00","4.79","858.89","ECR","DNR",NULL,"N",130,75975,75975,0,0
829917,"12488",134,"BXR","21:09","21:09","00:00","00:00","1,1,1,1,1,1,1","180.00","6.07","864.96","ECR","DNR",NULL,"N",130,76155,76155,0,0
829917,"12488",135,"NDON","21:13","21:13","00:00","00:00","1,1,1,1,1,1,1","225.00","5.45","870.41","ECR","DNR",NULL,"N",130,76380,76380,0,0
829917,"12488",136,"BUE","21:15","21:15","00:00","00:00","1,1,1,1,1,1,1","165.00","3.92","874.33","ECR","DNR",NULL,"N",130,76545,76545,0,0
829917,"12488",137,"KPHH","21:16","21:16","00:00","00:00","1,1,1,1,1,1,1","60.00","2.07","876.40","ECR","DNR",NULL,"N",130,76605,76605,0,0
829917,"12488",138,"DURE","21:20","21:20","00:00","00:00","1,1,1,1,1,1,1","210.00","4.88","881.28","ECR","DNR",NULL,"N",130,76815,76815,0,0
829917,"12488",139,"VVG","21:22","21:22","00:00","00:00","1,1,1,1,1,1,1","105.00","3.75","885.03","ECR","DNR",NULL,"N",130,76920,76920,0,0
829917,"12488",140,"TWG","21:24","21:24","00:00","00:00","1,1,1,1,1,1,1","135.00","3.90","888.93","ECR","DNR",NULL,"N",130,77055,77055,0,0
829917,"12488",141,"VKDH","21:26","21:26","00:00","00:00","1,1,1,1,1,1,1","105.00","3.71","892.64","ECR","DNR",NULL,"N",130,77160,77160,0,0
829917,"12488",142,"RPR","21:28","21:28","00:00","00:00","1,1,1,1,1,1,1","150.00","4.98","897.62","ECR","DNR",NULL,"N",130,77310,77310,0,0
829917,"12488",143,"SKRI","21:31","21:31","00:00","00:00","1,1,1,1,1,1,1","150.00","5.47","903.09","ECR","DNR",NULL,"N",130,77460,77460,0,0
829917,"12488",144,"BYN","21:35","21:35","00:00","00:00","1,1,1,1,1,1,1","90.00","3.17","906.26","ECR","DNR",NULL,"N",130,77730,77730,0,0
829917,"12488",145,"ASJP","21:36","21:36","00:00","00:00","1,1,1,1,1,1,1","60.00","2.21","908.47","ECR","DNR",NULL,"N",130,77790,77790,0,0
829917,"12488",146,"BEA","21:45","21:45","00:00","00:00","1,1,1,1,1,1,1","105.00","3.63","912.10","ECR","DNR",NULL,"N",130,78315,78315,0,0
829917,"12488",147,"RNTE","21:47","21:47","00:00","00:00","1,1,1,1,1,1,1","120.00","4.09","916.19","ECR","DNR",NULL,"N",130,78435,78435,0,0
829917,"12488",148,"XSAN","21:48","21:48","00:00","00:00","1,1,1,1,1,1,1","60.00","1.85","918.04","ECR","DNR",NULL,"N",130,78495,78495,0,0
829917,"12488",149,"KYA","21:49","21:49","00:00","00:00","1,1,1,1,1,1,1","60.00","1.68","919.72","ECR","DNR",NULL,"N",130,78555,78555,0,0
829917,"12488",150,"KRS","22:03","22:03","00:00","00:00","1,1,1,1,1,1,1","120.00","4.03","923.75","ECR","DNR",NULL,"N",130,79395,79395,0,0
829917,"12488",151,"MTBH","22:05","22:05","00:00","00:00","1,1,1,1,1,1,1","105.00","3.38","927.13","ECR","DNR",NULL,"N",130,79500,79500,0,0
829917,"12488",152,"JGWL","22:06","22:06","00:00","00:00","1,1,1,1,1,1,1","90.00","3.16","930.29","ECR","DNR",NULL,"N",130,79590,79590,0,0
829917,"12488",153,"ARA","22:10","22:10","00:00","00:00","1,1,1,1,1,1,1","90.00","3.30","933.59","ECR","DNR",NULL,"N",130,79800,79800,0,0
829917,"12488",154,"JMIR","22:12","22:12","00:00","00:00","1,1,1,1,1,1,1","120.00","4.12","937.71","ECR","DNR",NULL,"N",130,79920,79920,0,0
829917,"12488",155,"KUA","22:16","22:16","00:00","00:00","1,1,1,1,1,1,1","165.00","5.82","943.53","ECR","DNR",NULL,"N",130,80205,80205,0,0
829917,"12488",156,"KWR","22:18","22:18","00:00","00:00","1,1,1,1,1,1,1","105.00","3.68","947.21","ECR","DNR",NULL,"N",130,80310,80310,0,0
829917,"12488",157,"PAIL","22:23","22:23","00:00","00:00","1,1,1,1,1,1,1","90.00","2.86","950.07","ECR","DNR",NULL,"N",130,80580,80580,0,0
829917,"12488",158,"BTA","22:29","22:29","00:00","00:00","1,1,1,1,1,1,1","165.00","5.48","955.55","ECR","DNR",NULL,"N",130,80985,80985,0,0
829917,"12488",159,"PATL","22:30","22:30","00:00","00:00","1,1,1,1,1,1,1","60.00","1.99","957.54","ECR","DNR",NULL,"N",130,81045,81045,0,0
829917,"12488",160,"SDE","22:32","22:32","00:00","00:00","1,1,1,1,1,1,1","75.00","2.63","960.17","ECR","DNR",NULL,"N",130,81120,81120,0,0
829917,"12488",161,"GNHI","22:33","22:33","00:00","00:00","1,1,1,1,1,1,1","75.00","2.77","962.94","ECR","DNR",NULL,"N",130,81195,81195,0,0
829917,"12488",162,"NEO","22:42","22:42","00:00","00:00","1,1,1,1,1,1,1","120.00","4.28","967.22","ECR","DNR",NULL,"N",130,81735,81735,0,0
829917,"12488",163,"DNR","23:02","22:52","22:52","22:50","1,1,1,1,1,1,1","240.00","5.77","972.99","ECR","DNR",NULL,"N",50,82920,82320,82320,82200
829917,"12488",164,"PPTA","23:25","23:15","23:20","23:10","1,1,1,1,1,1,1","480.00","5.90","978.89","ECR","DNR",NULL,"N",60,84300,83700,84000,83400
829917,"12488",165,"DGBH","23:32","23:32","00:00","00:00","1,1,1,1,1,1,1","180.00","2.80","981.69","ECR","DNR",NULL,"N",60,84720,84720,0,0
829917,"12488",166,"BPGJ","23:50","23:50","00:00","00:00","1,1,1,1,1,1,1","660.00","8.66","990.35","ECR","SEE",NULL,"N",50,85800,85800,0,0
829917,"12488",167,"SEE","23:59","23:59","00:00","00:00","1,1,1,1,1,1,1","300.00","3.81","994.16","ECR","SEE",NULL,"N",75,86340,86340,0,0
829917,"12488",168,"HJP","00:09","00:09","00:00","00:00","1,1,1,1,1,1,1","300.00","5.58","999.74","ECR","SEE",NULL,"N",80,86940,86940,0,0
829917,"12488",169,"CKRD","00:19","00:19","00:00","00:00","1,1,1,1,1,1,1","240.00","6.64","1006.38","ECR","SEE",NULL,"N",80,87540,87540,0,0
829917,"12488",170,"AYRN","00:22","00:22","00:00","00:00","1,1,1,1,1,1,1","120.00","3.82","1010.20","ECR","SEE",NULL,"N",110,87750,87750,0,0
829917,"12488",171,"DHBI","00:24","00:24","00:00","00:00","1,1,1,1,1,1,1","105.00","2.83","1013.03","ECR","SEE",NULL,"N",110,87855,87855,0,0
829917,"12488",172,"CSR","00:25","00:25","00:00","00:00","1,1,1,1,1,1,1","90.00","2.40","1015.43","ECR","SEE",NULL,"N",110,87945,87945,0,0
829917,"12488",173,"GKHT","00:27","00:27","00:00","00:00","1,1,1,1,1,1,1","75.00","2.22","1017.65","ECR","SEE",NULL,"N",110,88020,88020,0,0
829917,"12488",174,"DES","00:29","00:29","00:00","00:00","1,1,1,1,1,1,1","75.00","2.21","1019.86","ECR","SEE",NULL,"N",80,88140,88140,0,0
829917,"12488",175,"SDG","00:32","00:32","00:00","00:00","1,1,1,1,1,1,1","165.00","4.83","1024.69","ECR","SEE",NULL,"N",90,88320,88320,0,0
829917,"12488",176,"MNO","00:35","00:35","00:00","00:00","1,1,1,1,1,1,1","180.00","5.26","1029.95","ECR","SEE",NULL,"N",110,88500,88500,0,0
829917,"12488",177,"BDUA","00:37","00:37","00:00","00:00","1,1,1,1,1,1,1","165.00","3.99","1033.94","ECR","SEE",NULL,"N",110,88665,88665,0,0
829917,"12488",178,"SPP","00:41","00:41","00:00","00:00","1,1,1,1,1,1,1","150.00","3.65","1037.59","ECR","SEE",NULL,"N",110,88860,88860,0,0
829917,"12488",179,"NNNL","00:45","00:45","00:00","00:00","1,1,1,1,1,1,1","180.00","5.12","1042.71","ECR","SEE",NULL,"N",110,89100,89100,0,0
829917,"12488",180,"RJJN","00:48","00:48","00:00","00:00","1,1,1,1,1,1,1","135.00","3.85","1046.56","ECR","SEE",NULL,"N",110,89295,89295,0,0
829917,"12488",181,"MOG","00:50","00:50","00:00","00:00","1,1,1,1,1,1,1","135.00","3.85","1050.41","ECR","SEE",NULL,"N",110,89430,89430,0,0
829917,"12488",182,"HBP","00:53","00:53","00:00","00:00","1,1,1,1,1,1,1","180.00","5.42","1055.83","ECR","SEE",NULL,"N",110,89610,89610,0,0
829917,"12488",183,"VPDA","00:57","00:57","00:00","00:00","1,1,1,1,1,1,1","150.00","4.59","1060.42","ECR","SEE",NULL,"N",110,89820,89820,0,0
829917,"12488",184,"SPPA","00:59","00:59","00:00","00:00","1,1,1,1,1,1,1","150.00","4.46","1064.88","ECR","SEE",NULL,"N",110,89970,89970,0,0
829917,"12488",185,"FAH","01:00","01:00","00:00","00:00","1,1,1,1,1,1,1","75.00","2.15","1067.03","ECR","SEE",NULL,"N",110,90045,90045,0,0
829917,"12488",186,"BCA","01:15","01:15","00:00","00:00","1,1,1,1,1,1,1","270.00","4.02","1071.05","ECR","SEE",NULL,"N",110,90900,90900,0,0
829917,"12488",187,"MPNH","01:17","01:17","00:00","00:00","1,1,1,1,1,1,1","150.00","4.35","1075.40","ECR","SEE",NULL,"N",110,91050,91050,0,0
829917,"12488",188,"TGA","01:23","01:23","00:00","00:00","1,1,1,1,1,1,1","165.00","4.65","1080.05","ECR","SEE",NULL,"N",110,91380,91380,0,0
829917,"12488",189,"BUJ","01:26","01:26","00:00","00:00","1,1,1,1,1,1,1","165.00","4.71","1084.76","ECR","SEE",NULL,"N",110,91590,91590,0,0
829917,"12488",190,"BJU","01:45","01:35","01:45","01:35","1,1,1,1,1,1,1","300.00","2.81","1087.57","ECR","SEE",NULL,"N",110,92700,92100,92700,92100
829917,"12488",191,"NBJU","01:52","01:52","00:00","00:00","1,1,1,1,1,1,1","120.00","2.02","1089.59","ECR","SEE",NULL,"N",110,93120,93120,0,0
829917,"12488",192,"BEHT","01:53","01:53","00:00","00:00","1,1,1,1,1,1,1","90.00","2.80","1092.39","ECR","SEE",NULL,"N",110,93210,93210,0,0
829917,"12488",193,"TIL","01:57","01:57","00:00","00:00","1,1,1,1,1,1,1","225.00","3.51","1095.90","ECR","SEE",NULL,"N",110,93435,93435,0,0
829917,"12488",194,"SHHT","01:59","01:59","00:00","00:00","1,1,1,1,1,1,1","105.00","3.00","1098.90","ECR","SEE",NULL,"N",110,93540,93540,0,0
829917,"12488",195,"BGS","02:05","02:03","02:03","02:01","1,1,1,1,1,1,1","135.00","4.02","1102.92","ECR","SEE",NULL,"N",110,93900,93780,93780,93660
829917,"12488",196,"LAK","02:11","02:11","00:00","00:00","1,1,1,1,1,1,1","240.00","7.36","1110.28","ECR","SEE",NULL,"N",110,94260,94260,0,0
829917,"12488",197,"DPL","02:14","02:14","00:00","00:00","1,1,1,1,1,1,1","180.00","5.44","1115.72","ECR","SEE",NULL,"N",110,94440,94440,0,0
829917,"12488",198,"LKN","02:17","02:17","00:00","00:00","1,1,1,1,1,1,1","180.00","5.12","1120.84","ECR","SEE",NULL,"N",110,94620,94620,0,0
829917,"12488",199,"SANH","02:20","02:20","00:00","00:00","1,1,1,1,1,1,1","210.00","6.03","1126.87","ECR","SEE",NULL,"N",110,94830,94830,0,0
829917,"12488",200,"SKJ","02:27","02:27","00:00","00:00","1,1,1,1,1,1,1","120.00","3.22","1130.09","ECR","SEE",NULL,"N",110,95250,95250,0,0
829917,"12488",201,"UMNR","02:36","02:36","00:00","00:00","1,1,1,1,1,1,1","210.00","6.20","1136.29","ECR","SEE",NULL,"N",110,95760,95760,0,0
829917,"12488",202,"KGG","02:45","02:43","02:43","02:41","1,1,1,1,1,1,1","240.00","7.00","1143.29","ECR","SEE",NULL,"N",110,96300,96180,96180,96060
829917,"12488",203,"MNE","02:55","02:55","00:00","00:00","1,1,1,1,1,1,1","420.00","8.74","1152.03","ECR","SEE",NULL,"N",110,96900,96900,0,0
829917,"12488",204,"CDBN","02:57","02:57","00:00","00:00","1,1,1,1,1,1,1","165.00","4.80","1156.83","ECR","SEE",NULL,"N",110,97065,97065,0,0
829917,"12488",205,"MSK","03:02","03:02","00:00","00:00","1,1,1,1,1,1,1","195.00","5.70","1162.53","ECR","SEE",NULL,"N",110,97320,97320,0,0
829917,"12488",206,"GAI","03:07","03:07","00:00","00:00","1,1,1,1,1,1,1","165.00","4.37","1166.90","ECR","SEE",NULL,"N",110,97620,97620,0,0
829917,"12488",207,"PSR","03:13","03:13","00:00","00:00","1,1,1,1,1,1,1","360.00","8.08","1174.98","ECR","SEE",NULL,"N",110,98025,98025,0,0
829917,"12488",208,"BRKB","03:19","03:19","00:00","00:00","1,1,1,1,1,1,1","315.00","5.56","1180.54","ECR","SEE",NULL,"N",110,98340,98340,0,0
829917,"12488",209,"NNR","03:22","03:22","00:00","00:00","1,1,1,1,1,1,1","225.00","6.01","1186.55","ECR","SEE",NULL,"N",100,98565,98565,0,0
829917,"12488",210,"THB","03:27","03:27","00:00","00:00","1,1,1,1,1,1,1","255.00","7.70","1194.25","ECR","SEE",NULL,"N",110,98850,98850,0,0
829917,"12488",211,"BIGH","03:30","03:30","00:00","00:00","1,1,1,1,1,1,1","165.00","4.63","1198.88","ECR","SEE",NULL,"N",110,99015,99015,0,0
829917,"12488",212,"KHQ","03:32","03:32","00:00","00:00","1,1,1,1,1,1,1","120.00","3.51","1202.39","ECR","SEE",NULL,"N",110,99150,99150,0,0
829917,"12488",213,"NNA","03:42","03:40","03:40","03:38","1,1,1,1,1,1,1","255.00","7.73","1210.12","ECR","SEE",NULL,"N",110,99720,99600,99600,99480
829917,"12488",214,"BNPR","03:46","03:46","00:00","00:00","1,1,1,1,1,1,1","165.00","5.02","1215.14","ECR","SEE",NULL,"N",110,100005,100005,0,0
829917,"12488",215,"KTRH","03:56","03:56","00:00","00:00","1,1,1,1,1,1,1","210.00","6.06","1221.20","ECR","SEE",NULL,"N",110,100575,100575,0,0
829917,"12488",216,"KIBH","04:04","04:04","00:00","00:00","1,1,1,1,1,1,1","135.00","4.01","1225.21","ECR","SEE",NULL,"N",110,101070,101070,0,0
829917,"12488",217,"KUE","04:11","04:11","00:00","00:00","1,1,1,1,1,1,1","90.00","2.64","1227.85","ECR","SEE",NULL,"N",90,101460,101460,0,0
829917,"12488",218,"SIHT","04:16","04:16","00:00","00:00","1,1,1,1,1,1,1","180.00","5.06","1232.91","ECR","SEE",NULL,"N",90,101760,101760,0,0
829917,"12488",219,"BKHR","04:22","04:22","00:00","00:00","1,1,1,1,1,1,1","135.00","4.15","1237.06","ECR","SEE",NULL,"N",110,102120,102120,0,0
829917,"12488",220,"CRR","04:32","04:32","00:00","00:00","1,1,1,1,1,1,1","300.00","7.56","1244.62","ECR","SEE",NULL,"N",110,102720,102720,0,0
829917,"12488",221,"SMO","04:43","04:43","00:00","00:00","1,1,1,1,1,1,1","360.00","11.01","1255.63","ECR","SEE",NULL,"N",110,103380,103380,0,0
829917,"12488",222,"KIR","05:25","05:15","05:15","05:05","1,1,1,1,1,1,1","420.00","11.40","1267.03","NFR","KIR",NULL,"N",110,105900,105300,105300,104700
829917,"12488",223,"DLF","05:35","05:35","00:00","00:00","1,1,1,1,1,1,1","240.00","6.10","1273.13","NFR","KIR",NULL,"N",110,106500,106500,0,0
829917,"12488",224,"RWA","05:40","05:40","00:00","00:00","1,1,1,1,1,1,1","300.00","7.80","1280.93","NFR","KIR",NULL,"N",110,106800,106800,0,0
829917,"12488",225,"RNX","05:44","05:44","00:00","00:00","1,1,1,1,1,1,1","240.00","7.22","1288.15","NFR","KIR",NULL,"N",110,107040,107040,0,0
829917,"12488",226,"PRNA","06:05","05:50","05:50","05:45","1,1,1,1,1,1,1","240.00","6.84","1294.99","NFR","KIR",NULL,"N",110,108300,107400,107400,107100
829917,"12488",227,"KUB","06:15","06:15","00:00","00:00","1,1,1,1,1,1,1","300.00","7.91","1302.90","NFR","KIR",NULL,"N",110,108900,108900,0,0
829917,"12488",228,"GBN","06:18","06:18","00:00","00:00","1,1,1,1,1,1,1","180.00","4.74","1307.64","NFR","KIR",NULL,"N",110,109080,109080,0,0
829917,"12488",229,"JAG","06:22","06:22","00:00","00:00","1,1,1,1,1,1,1","240.00","5.63","1313.27","NFR","KIR",NULL,"N",110,109320,109320,0,0
829917,"12488",230,"SATR","06:26","06:26","00:00","00:00","1,1,1,1,1,1,1","240.00","5.73","1319.00","NFR","KIR",NULL,"N",110,109560,109560,0,0
829917,"12488",231,"KSY","06:30","06:30","00:00","00:00","1,1,1,1,1,1,1","240.00","6.35","1325.35","NFR","KIR",NULL,"N",110,109800,109800,0,0
829917,"12488",232,"ARQ","06:43","06:38","06:30","06:25","1,1,1,1,1,1,1","300.00","7.72","1333.07","NFR","KIR",NULL,"N",110,110580,110280,109800,109500
829917,"12488",233,"ARR","06:52","06:50","06:42","06:40","1,1,1,1,1,1,1","180.00","4.34","1337.41","NFR","KIR",NULL,"N",110,111120,111000,110520,110400
829917,"12488",234,"HOD","06:59","06:59","00:00","00:00","1,1,1,1,1,1,1","240.00","6.21","1343.62","NFR","KIR",NULL,"N",110,111540,111540,0,0
829917,"12488",235,"SMH","07:02","07:02","00:00","00:00","1,1,1,1,1,1,1","180.00","4.91","1348.53","NFR","KIR",NULL,"N",110,111720,111720,0,0
829917,"12488",236,"GPE","07:05","07:05","00:00","00:00","1,1,1,1,1,1,1","180.00","4.61","1353.14","NFR","KIR",NULL,"N",110,111900,111900,0,0
829917,"12488",237,"DLZ","07:07","07:07","00:00","00:00","1,1,1,1,1,1,1","120.00","3.11","1356.25","NFR","KIR",NULL,"N",110,112020,112020,0,0
829917,"12488",238,"FBG","07:34","07:15","07:05","07:00","1,1,1,1,1,1,1","240.00","5.51","1361.76","NFR","KIR",NULL,"N",110,113640,112500,111900,111600
829917,"12488",239,"BTF","07:43","07:43","00:00","00:00","1,1,1,1,1,1,1","240.00","6.02","1367.78","NFR","KIR",NULL,"N",110,114180,114180,0,0
829917,"12488",240,"JBN","00:00","08:00","00:00","08:00","1,1,1,1,1,1,1","240.00","7.26","1375.04","NFR","KIR",NULL,"",0,0,115200,0,115200
